Mr Ramanayake nevetha nadu daganneh eppeh.nadukarayanta rasava nethivei. Oya apu cheeneh konde bedapu kenekdakiya soya beluvoth hoda nedda? Devipita lebevah thava thavath sri Lankavata sevaya karanneh.,0
Mukiyana boru lankawa betaluwo etthatne geniyak waga kiyavanawa hriyata wattiamma waga gonranja,0
Ammo santha,0
Gammac,0
Ape..janaadipathi...wenna..GONJAATA..ADU..MONAWAADA...?,0
Mala jarawak ane piumi hansamali à¶…à¶´à·Šà¶´à·’à¶»à·’à¶ºà¶ºà·’,1
Piyumita.vaine bila weri hodata,0
Ranjan uncle ğŸ˜ğŸ˜,0
Godak lassanai,0
Ponna party,1
Godak lassanai.... â¤â¤,0
Muge.rekod.wala.tiyenawa.piyumi.samaga.kiyapu.dewal.aru.pons.keneklu,1
Chandimalta subama upan dinayak wewa jp â¤ï¸â¤ï¸â¤ï¸â¤ï¸â¤ï¸,0
Godak lassanai ğŸ‘ğŸ‘ğŸ‘ğŸ‘ğŸ‘â¤ï¸â¤ï¸â¤ï¸â¤ï¸â¤ï¸,0
Piumi  wasi tana and ğŸŒ¬,0
Ranjan aiye massina patta ...,0
Yako mu auruddata ki parak ipadunada ğŸ™„ğŸ™„ğŸ™„,0
Supiri Ranjan ayyağŸ¥³,0
Api asai eyage kata hadata....ğŸ¸ğŸ¸ğŸ¸ğŸ¸ğŸ¸ğŸ¸ğŸ¸,0
Shanika madumali genako  rangana aiye,0
Ranjan aiya kalawe supiri waddek thamaâ¤ï¸,0
Hoda gemma aka,0
sahanghi wa gennakooooooooooooooooooooooo,0
"Theruni duwa mama asama niliyak oya...ahinsaka kama, hadiyawa,  dakshakama okkoma pihitala thiyenawa... a wagemai gayana hakiyawa...hamadath nama raka gena iina...oyata siyalu devi pihitai...",0
Ranjan  aiyata  jaya  wawağŸ’–ğŸ’–ğŸ’–,0
hamotama adarei,0
Ranjan Ramanayakatath enna puluwan dan. rangana obata thank,0
Harima lassanai,0
Ade. Wadi. Balanna. Hitanna,0
Rajan ayye oya supuri hode asama naluwek oya,0
Anurada akka lassanaii,0
Rangana dan bilingwatte ekak wage.,0
Me gon badu ape elaine na wasawal,1
Ranjan ğŸ¤®ğŸ¤®ğŸ¤®ğŸ¤®,0
Apooo add nethuwa balanna awa madei..,0
Ha,0
unmada u pramadara,0
Kavi â¤ur voice amazingğŸ”¥. maneesha dan tikak hadila wage champion star awilla udin idala ahagaththane hodata,0
Cricket playerlswa gananko wadstanta,0
RANJAN  DUPPATHAGE  HITHAWATHA...  SUPER...ğŸ’šğŸ’›ğŸ’œğŸ’—ğŸ’šğŸ’›ğŸ’œğŸ’—ğŸ‘ğŸ‘ğŸ‘ğŸ‘ğŸ‘ğŸ‘ğŸ‘ğŸ‘ğŸ‘ğŸ‘ğŸ‘ğŸ‘,0
Tv eke ad hinda youtube blanda awa meke ita wada ad ayenm blnne na redda!!! ğŸ˜¡ğŸ˜¡ğŸ˜¡ğŸ˜¡ğŸ˜¡,0
Kavai.mhathwela tawa.tika.ketu.unma hodai,0
Ad danna epa bn,0
ranganayata mole amaruwakda manda gon kallak allagena a step eka poddak denna balanna kiyanne... chora oi eka.... match wenne na,0
Dananji niyamai..mara nidahas charithayak,0
"please puluwannam ranjan, teni, bandu gennananaa...",0
kawindya super,0
Anthima thappara gana dala nha neh? Eke wechcha de api dkka.,0
Kawi hari hurathal....,0
Man asai kavindyata.eya hari hurubuhuti...adare hithenawa,0
Ewith Inna hemotama mama adarei. Specially kavindyaâ¤ï¸â¤ï¸all the best hemotamağŸ’•ğŸ’•ğŸ’•,0
Ranja fun manisata hitha giya dakka lassama kella,0
Aiyoo  hina wela ma kadulu awa kawi nangi ane oya mahat wenna nam.epa amma wage  lasssanai ada awa hamoma,0
Aneee manisha oya shoiiii lassanata sing kala ğŸ‘ğŸ’š oyath lassanai chuti girl kenek sweet ğŸ’•ğŸ’œï¸,0
"Man asama anuradha oyata akki giri devi eke pateta ragapanawa ah, voice ekath gathi aneeee sweet ğŸ’šâ¤ï¸",0
Ranjan aiyaaa mona kale mona vidiyata hasirunath oyata api à¶šà¶½à·à¶šà¶»à·”à·€à·™à¶šà·Š hatiyata hamadama asai somiye inna porak nisa,0
Namin rangana unaata api asa aiyage à¶šà¶­à·à·€à¶§ ğŸ‘,0
Harima lassanai wadasatahana,0
Welada danvim wadi aiyo.. Epa wenawa balannath,0
Wal pukayo  kello lamgata genwanawa,1
Kaviya mahath wela amma wage mahath wenna epa sudo,0
Harima lassanai program eka..genapu kattiya 6 denama maru....Suba pathum,0
"Please rangana gennako .umali,umariya,hirunika pemachandra.godak lassanai ada wedasatahana oba sema Jesus pihitai!!",0
ranja akenma Adarei ah,0
Pehadili madi melawa rahak ne,0
youtube eke vitrai add natuwa tibune dan e magulet add kiyhankoo ğŸ˜«ğŸ˜«ğŸ˜«ğŸ˜«ğŸ˜«ğŸ˜«ğŸ˜«ğŸ˜«,0
Harima lassanaiiii,0
Nilanga supi ğŸ”¥,0
Ada   Apu 6 th  program  aka  Lassana  kala. Rangana kiwwa wage  susanthika.damayanthi. sugath. Yana kreedakayanwath   genna.ayalawa  dakinnath  asai,0
Ranjan aiyagen pukawal parissam karaganilla nangila tika hodeğŸ˜œğŸ˜œğŸ˜œğŸ˜œğŸ˜œğŸ˜œğŸ˜œ,1
anunge awa hoyana ponsiyo meka balapalla,1
ranjan aiya oya pamanai palimant viray,0
Programme eka baluwe ranjan nisamai,0
Rangana.ada.nam.niyamaikatiyath.hodaisiyalu.denata.suba.patum.â­ğŸ‘,0
Amma sigerat gahanawada kawi,0
Ranja kata talk karada danne na,0
Ranjan aiya athulu siyaluma danatama b s rangana aiya oyatah,0
Kawi duwa oyata adari ammata wagema aduraganna beri una,0
Ranjan aiya  kiynne  cinamata  nathuwama  beri  kenak,0
Ane ayye add wadi,0
Kavi  mama harima adarei oyata budusaranaiâ¤â¤â¤â¤ğŸŒ·ğŸŒ·,0
Ranjan aiye oyata godak adarei,0
Super  star  ranjan ayye  oyata  api  hamadama  adarei.,0
Maneesha akki lassanai,0
"GON RANJA HIRUNIKATA VITHARAK NEME PUKE ARALA THIYENNE, OYA VANACHARA BALLA THAWA NILIYANTA PUKE ARALA THIYANAWA. LANKAWE INNA EKAMA VANACHARA KUPADI NALUWA GON RANJA VITHARAI. BALAGENA RANGANA, RANJA OYAGE GAANITATH PUKE ARIWEE.",1
Ana  ma  ad  danda  apa  ahama  unama  wadasatahana  apa  wanawa,0
à¶»à¶‚à¶¢à·’à¶­à·Š  ayya à¶¯à¶šà·Šà·‚  ragapanna  kenek,0
Ranjan ayya waaa serama  à¶½à·ƒà·Šà·ƒà¶±  ada,0
ğŸ’ƒğŸ’ƒğŸ’ƒğŸ’ƒğŸ’ƒğŸ’ƒğŸ’ƒğŸ’ƒğŸ’ƒğŸ‘ğŸ‘ğŸ‘ğŸ‘ğŸ‘‚lassanai budu saranai,0
Manisha lassanai cuti huru buhuti kella aderei jayaveva ğŸ’ğŸŒ¹ğŸ˜€ğŸ‘,0
Lassanai program eka adanm ğŸ˜â¤,0
Nilanga anuradata kamathi wage eya ekkama thamai dance karanne issara song eketh ehemai thoragaththeth eyawa â¤ï¸,0
Kavi oyta gym yanna wei wage?ğŸƒğŸ½â€â™€ï¸,0
Ranjan mahatha innawa dakka nisa baluwa,0
Samithage duwa Amma wagema niyama gonğŸ‚  baduwak,1
Tu nodaken wanacara hatta,1
Me dananjita manawa welada puduma dangalayakne,0
adarey ranjan ayya niyamai.rangana dan nidahas neda.sathutin inna.hamoma shok.adarey.jp,0
Ranjan Hamadama lassanai aderei. Anit samatat adarei. Istuti rangena e suvarnavahini nalikavata istuti â™¥ï¸â™¥ï¸âš˜âš˜ğŸ˜€ğŸ˜€ğŸ‘ğŸ‘ğŸ‘,0
Ranigana ada à·€à·à¶©à·ƒà¶§à·„à¶± à·ƒà·”à¶´à¶»à·Š  ranigani manisha à¶‡à¶­à·”à¶½à·”  siualu danatama suba pathum,0
Anjali(k. Sujeewa) genna rangana Aiya,0
Pattha lassanai,0
Ada harima lassanai ranjan ayya apu nisa thawath sathutin beluwa rangana ranjan ayya athulu semata jesu pihitai!!,0
Monwa karath  mada gahan minissu  innwa  ranjan kiyanne kohomath jolliyen  jiwath wena minihek,0
Ada nam godaaaak lassanai,0
Adanama.maruiya,0
Apa  ranjan sir godk adara,0
Nilanga nisa balanawa hiru eka beluwa nadira inna nisa,0
Rangana malli oyatah atuluwa ada awilla inna siyalu denatamat siyalu dewiyange pihitai araksawai jayawewa hamadamat adareiiÃ¬iiiiiii adareiiÃ¬iiiiiii godak parissamin inna hode mama saudiwala Ranatunga ayiya,0
"Manish ta lassana gayana hakiyawak thiyanawa, pls eka wadi diyunu karaganna.",0
Ane  oyala  hamoma wenas welane   gedara  idala    nangila mahath wela,0
Ane dananje duwe mama ammage yahaluwa sujee anti.kausige Amma.mata oyage number eka dennako.  Mama enne cyprus. please.,0
Kawi lassanai mahath wela wage,0
Badu illana taru à·ƒà¶¸à¶œ back side,1
Ada program eka godak lassanai....â¤â¤ and  good luck ğŸ™ğŸ™ğŸ™ğŸ™ğŸ™ğŸ™,0
Ada à¶½à·ƒà·Šà·ƒà¶±à¶ºà·’ ..aiya puja akkawa gennako..,0
Adath supiri b s hamotama,0
Lassanai kavi....â¤ï¸â¤ï¸â¤ï¸â¤ï¸,0
Ara wassiyo tikata mahum  ddanda unada dannaa. Ranja awitne,1
Kawindya duwath theruni duwath idiriyatama yanna man suba pathanawa oya dennatama.dubai sita,0
Adath wenada wagema godak lassanai hitha ellana tharu rangana malli athulu siyaluma denatama godak adarei jesu pihitai â¤ï¸â¤ï¸â¤ï¸â¤ï¸â¤ï¸â¤ï¸â¤ï¸â¤ï¸â¤ï¸,0
 à·„à¶´à¶±à·Š à¶´à·à¶¯à·”à¶» ' set eka gennanna.ğŸ˜Œ,0
Ada nam harima lassanai ranjan aiya hina gassanawa api hamowama,0
Cirntha bape hodinde kavie,0
"mama balapu hodfama hitha illana tharu programme eka. aye me wage ekak ena ekakuth ne, re 12 wenakal full kick eke hitiye programme eka iwara wenakalma. rangana oba supiriyatama programme eka kala. paksha pata wedak ne lankawe super star ranjan ramanayake,, nilanga, rangana, ranjan 3ma supirima badu thunak elama kiri...",0
"Hi Rangana,hitha illana tharu ake,camera videos clear ne.me studio akata ana hemoma mahathta miti wela penne.aya niweradi karanna please.",0
lassanai hamotama adarei ğŸ’–ğŸ’–ğŸ’–ğŸ’–,0
Mama asama naluwek thamayi ranjan ayjya,0
Kavi oya derane indan mekata duwan awada ane,0
Ai ane mechchara ad,0
Lassanai ada godak,0
Hamaoma.lassanaie,0
Kavindiya  oya .hugak. mahathqela..ne..  budusaranai obata,0
Mekata vada rangana aiya anith eke godak hodata kara programe eka.echcharai kiyanna thiyenne.api kalin hari asai.eth dan asa na.,0
Anna ehema hamadama YouTube live dennako. Niyamai. Balannako views kohomada kiyala mekatama. Ay Swarnawahini aluth management ekenwath apita channel eka YouTube eken live stream balanna hadala denne naththe.,0
Nadakin oya gon ranjawa gennawe ai yako thopita lajja nadda,1
Commercial ad nethuwa video danna rangana ayya,0
Hamoma hari lassanai hamotama adaraiâ¤â¤â¤,0
lassanai .... aadarei hamotama.. GOD BLESS ALL OF YOU. .,0
Good bs hamotama,0
New generation  eka kohomada ranja funny  neda,0
Lassanai,0
Rangana ganamganna EPA Pala athi rukatay gal gahanne harima lassanay italy,0
Vadagath Aya anunge de Johanne naha Kavi diva suba anagathayak italy,0
godak lssni  aiya oyaga wdasthna mma kuwaitâ¤â¤â¤â¤â¤,0
 aeiyea oya hari lassanaei kawadath wayasata noyeana keaneak oya eaa rahasa kiyanawada apitath,0
Lassanai godka â¤ï¸â¤ï¸â¤ï¸â¤ï¸â¤ï¸â¤ï¸â¤ï¸â¤ï¸ğŸ‘,0
Man godak kamathi aya inne visesen i hinda godak asawen baluwa,0
Kiyanna wachana na,0
Komada gonjage wada adarei sir ubata ğŸ’–ğŸ’–ğŸ’–ğŸ’–ğŸ’–,0
Supiri ranjan aiya,0
Oba thuma hemadamath kathakaranne aththa eth ape rate ayata eka penne weradiyata oba thumata jaya wewa jesu pihitai ğŸ‘ğŸ‘ğŸ‘ğŸ‘ğŸ‘â¤ï¸â¤ï¸â¤ï¸â¤ï¸â¤ï¸â¤ï¸,0
Samahara pakku ranjata ganu achcharak innw mechchrk innw kiyal baninne yakoo ewa apita wadk na ew ratat wadkut na...mewane yakoo ratat wadagt wad....pohottuwe wahallu dnne hoda minissu kapal ain krnna tm...à¶†à¶¯à¶»à·™à¶ºà·’ à¶»à¶±à·Šà¶¢à·.....,0
Niyamai 1shot one,0
Loketa penna video kara kara haal bedana haal manthiri meti thumanoooo...oka nihandawa keruwa nam thama lassana .....,0
Bud sarani aiya oyata hadawatinma Jaya patanawa.,0
.niyama porak..,0
Mn asama knk thmai  aiye oya.oya krana wade gdaak hodai eth me rate smhra mnissu knna deepu atha hapa knwa eka nisa prissmin.budu saranai ğŸ˜˜,0
Unlike krpu eun hal bedanawa athi hondata ğŸ˜ ğŸ˜ pau haththa yako honda dakkamawath eka agaya krnna purudu weyan ğŸ˜ ,0
Oba wani pinwath daruwan loketa pahala wanne kalathurakin malli oyata budusaranai,0
Koye.dan.rajaye.amathila.asarana.menisunta.monawada.karanne.katawal.wetharayi.obathumata.devipehitayi.,0
Api  rathnapure apita nadda..,0
Hodai  mame,0
Meparath hire yannada hadanne jayawewa,0
Adarei,0
Hall bedana waradata  kuduwe inna wei.......ğŸ¤£,0
Oba thumage sathkaraya uthum kota salakanwa..obata godak pin apitath adara karanna.,0
Apith mirigama wewahena watta janathawatath oba thuma udau karanna.oba thumata godak pin,0
 oyata gdk pin,0
Kawur monawa keewath oba thuma karana pinehi Aanisansa oba thumata.....Oba thumata godak.......pin.  Api minuwangoda.,0
meiy paththe enawa daa ??? Attanagalla,0
Ouwa vediyo karanne nethuwa karanam godak watinawa,0
wediya epa Hal 5 kg thibunoth ahi dewi pihitai wedi wediyen lebewa,0
ela kiri,0
Godak.pinğŸ‘ğŸ‘ğŸ‘â™¥ï¸â™¥ï¸â™¥ï¸,0
Ane  ape  gamatat  anna,0
Ranjan Aiya  oya  BAYAWENNA  EPA  225 PARLIAMENT EKE  U....GE...AMMA  EKKA  HUKKANNA  KEYANNA. GONA   KANNATH NEHA  .KANAGONATA  DENETH  NEHA...UTA..PURURUI  SUDU  VAN  WETHARAI,0
MR RANJAN  ERSEYAWATA  ANDUWA  BADA  KALOTH...E...BALATA   CORONA  HEDEWA....SADU..  SADU.....SADU,0
uba mata lankave enna thavath virayekâ¤â¤â¤,0
 mahaththayata wage oba thumatath salakavi paressamin jesus pihitai,0
Supiri wadak,0
Asarana  wela inna minissunta  upakara  karana eka  me welawe  loku pinak  mewa waradawa  hithala  hire danna epa minissunta  loku sahanayak  thank you ranjan,0
 ayay api oyta banna tama karapu samahara ewata eth api oyge wadapiliwelata kamati. chandayak denna wediyak na oya inna pakshe nisa pluwanam taniyama gamanak yanna,0
"225 kastiya chandeta kalin dawas wala nm puduma adarayak thibbe apita ,badu beduwa ,salli dunna ,hoyala baluwa ,e okkoma kare manapa balaporoththuwen nemei apita thiyena adareta kiyal kiuwe....eth e kattiya chanden passe hoyannawath na dan ......adareth na........respect  ...........",0
Parliament eke enna guu ğŸ’©  à¶œà·œà¶©à·€à¶½à·Š à¶‘à¶šà·Šà¶š à¶¶à¶½à¶¯à·Šà¶¯à·“ ranjan à¶šà·’à¶ºà¶±à·Šà¶±à·š à·ƒà·”à·€à¶³ à¶¸à¶½à¶šà·Š ...,0
Gampaha poogodatath denna,0
Ane apith gampaha kandana.jobless me tike.puluwannm help karanna,0
Kauru monawa kiwwath Ranjan oba hari wadakarana Ayek.ğŸ˜,0
Apitat dennko  mm kulewada kranne babala 3 denek ennwa mm gampha rathu swala enn ni pin sedda wenwa mahtthyo,0
Hamadama minissunta udaukaranna anit kalakanni inne minissu rawattala tamange account purawaganna vitarai,0
One shot hamadama duppat minissu akka ela kollek ğŸ‘ŠğŸ»ğŸ‘†ğŸ»,0
Hodaina a manussaya thama ahema hari wedak karanna a a wage manussa kam danna manussayanta wedak kara ayata thama asadarana kam karanna erisiya karayo,0
Rangaiye oya attatama ratata adary kenek kitala api dannawa  hebai me welawe pemas wenna hadannepa,0
 site oya hira enna kaleth adath apitanam  vatinava.ath ada api rata mawbimata anna danne sakkili obata jayavava,0
Sir api oya akka kawadath hitiya.api enne jaela thudella kiyana game.sir awa ape gamata.kamal aiyala sanwidanaya kale oba thumawa genwanna mathaka athi oba thumata.ape game job  karanna vidiyak nathuwa asarana paul godak ennawa.oba thuma ape gamata awith api ganath balanawanam me welawe godak pin.jaya wewa.god bless you.,0
Subscribe ekak one kattiya ape patthetath enne,0
Ane apita hal tikak dannako enna kenak ne gedara inna lamai.mage daruwan kanna bonna natuwa duk vidinawa korona nisa..man waliveriya. Oba tumata pin,0
Gampaha janathawage chanden pathkaragath duppathage badaginna adunena ranjan mantrithumata saha janathawata jayawewa,0
Kehelella th enna,0
Aththatama oyanam minis hadawatha hodatama adurana kenek.dirgayu pathanawa aiya oyata.kanna nathi kulliyak karaganna bari koi tharam minissu ada badaginne athida.oyata godak pin .budusaranaiâ¤â¤â¤â¤,0
 ayya oya me rate agamati wenwa dawasaka jaya wewa,0
"Jayawewa..mahaththayoo.obata.budusaranay
Suba.patum.pin.godak.mama.madaperadegen.mama.hamadama.adarey.oya.gathi.guna.walata",0
 me ponna aanduwa thawa awrudu  3 bayawenna EPA gematama set weyan ğŸ‘ğŸ‘ğŸ‘ğŸ‘ğŸ‘ğŸ¤ğŸ¤ğŸ¤â™¥ï¸,1
Runjan obata budu sarenai.,0
hira anduwa unge mallawal purawa ganna eka thamai wede ratawal walin mudal aran un sepa wedina eka neweda   ewage balkanta corona hedilama   merila yanna ona,0
Ane manda ranjan aiya  oyat kochcar  Bannat karat karannema akamai oyat godak pin budusaranai,0
ea gaththu ewa unge genuta i hora genuntai hora amathi ballantath oennama denna aiye ea pakeyanta baya nowi,1
Niyami sir,0
Ranjan mahaththayo mama pallewela.mage mahathtaya garej ekak karanne.apita wada karanna widiyak naha.puluwan nam me tike jiwath wenna udaw karanna,0
Jayawawa jayawawa jayawawa obatumage  Manossakama ta Sir  obatuma yanakota geniyanne maywan Hoda Dewal pamanai ...â¤â¤,0
Eththatama pin sidda wenawa.. Budu saranai..!,0
Niyama wadak srr.bs.dp,0
Apith oyata thamai dunne  api  wathurugama,0
Yahapath wedak ..jesu pihitai,0
Hayyiiooo,0
Duppatage hithavathaa. ğŸ‘ğŸ‘,0
Ranjan aiya meke kenek kiyala thiyenawa kanna videhak ne edawela hoyagena inne mehetath enna kiyala thiyenawa eyata balala denna puluwannam,0
Ela ela bs,0
supiri deshapalakayekâ™¥ï¸â™¥ï¸â™¥ï¸â™¥ï¸,0
Oya godak Honda wadaak karanne aiye mage chanel eke computers Gana mama videos danawa mata shout out ekak dennako,0
Apo cametwalata likdala nimakkarannabe brla okkomatama laikdemma kiyala hithaganna lassanai ranjan methithumani aniwa jaya,0
Hira wera 4 idan ayya api,0
Ayyaa api minuwangoda 071 5942267,0
Onna  sir oya hal bedenewa dekela 5000 aye denewaluğŸ˜† balagena enna  be balagena enna be. Kohome hari ahinseka minissunta pihitai unoth a athi.  Api kawuruth merena minssu apita anthimeta ethuru hode nareka withera neğŸ™,0
Aththatama hondha wadak minissu asarana wela inne me welawe,0
Ana APA petatwat Aran Enna aiya,0
One shot ayya oyage wadapiliwAlata asay oya wada satahanata sambanda wenna puluwanda 0775671308,0
Godak pin ranjan aiye minissunta nathi barikamata pihita wenawata budusaranai devipihitai parissamin inno,0
Hita hoda patta minissu kawadawat varadinna  neee ğŸ˜˜ğŸ˜˜ğŸ˜˜ğŸ˜˜,0
Anum banum samaga janathawata pihitawannata sithana obata God bless you ayya,0
"Gampaha ewnta witarada kanna nathte , oka bedanawanam kiyawannatiwa bedapan. ubalata itin okkoma baluwada karala kama piganak dunnanam ratath wikunai. Moda yakku.",0
ape  ogomathamai eten horunta mewa terenna,0
Hoda bokka horkan nakarapu salle seyalu Dave pihetai.,0
Oba tumata Jaya wewa. Nirbitha kamata ğŸ’ğŸ’ğŸ’ğŸ’ğŸ’ğŸ‘Œ,0
budu saranai,0
budu sarani,0
Oba thuma janathawata me karana uthum sewayata hisa nama achara karanawa....respect sir...ğŸ™ğŸ™ğŸ™ğŸ™ğŸ™ğŸ™ğŸ™,0
Ane hoda vedak den davas kiyakda kisima kenek monavth dilath neha kisima kenek I gihinuth neha den desa paluvanta rath vey,0
Good work sir..jayawewa...,0
Chtr nowi onna ohomai gema gahanna one  ayye. Adarei â¤ï¸ğŸ™,0
Ranjan mahattahyo oya karanadewal oyata tiyei me wage wada karana oyata godak pin,0
Adambaraiii,0
Niyama wadak ranjan aiye. Samahara aya chande kittu karala ambaaneta kanna bonna dunna.   Danuth ee koronamai. Ee minissumai asarana wla thynne.  Lagadi chnndayak nathi nisa  kawruth penna na.  Manussakamin.minissu gana hithanaawa oya. Elakiri.,0
Oyata owwata waradinne na,0
Hoda wadak sir!! Paksha bedayakin torawa agaya kala yutui..jaya wewa obatumata!!,0
Obata.pin.sar.apita.pakshpata.wedak.neha.minissuasarana.welawe.upakara.karana.akai.manussakama.obathuma.hodawachana.kathakaranna.kaluthara.disthrikkaye.mathugamata.gihin.balanna.ransamanalayata.a.naluwata.adare.minissu.kochchara.innawada.kiyala.budusaranai,0
"Ranjan oyya witharai,me ardarra denne.Anikk ayya niddida?Greate,oyarta athadenna api kammathai.Harith,Germany",0
Karana deyak deyak parissamin Karanna ayye. Moko corona Nisa aye veda varadi. Moko hitha Hoda manussayanata kelavanna thama balan inneâ¤ï¸â¤ï¸,0
"Bohoma pin man eth Bala hitiya nihada ei kiyala  parisssamen RANJA AIYA kali wage hire damai okun theruwan saranaiiiii obathatath udau Karana aiyatath ,,man oyae disthrkkewathnewei  eth SATHUTUI ape aye wenuwen ape lidar aiya Inna eka ğŸ™ğŸ™ğŸ™â¤ï¸â¤ï¸â¤ï¸ADAREI GODAK",0
Niyamai jayawewa,0
Jaya wewa ranji,0
Oba thuma thamai ratata vadak karanne anduwe unta Oni minissunge chande vitharai gampaha janathawa thama vadima chande deela me gon anduwe path kare Ara thadiya makabavikade gampaha janathawa danwath therun ganne janathawa ta udau karanne kaude kiyala ranjan aiyya jayawewa,0
Parissamin aiye. Budu saranai ğŸ‘,0
Oyata b.s sir,0
Ela ayiya,0
Good job  ayiya godak hoda wadak tawatwath mewan wada katayutu karanna sakteya dahereya labewa budusaranayi jayawewaa,0
Godak hodai oba thumağŸ‘,0
Boruwata ragapana gobbayo athara.oba  virayek.ğŸ˜ğŸ˜ğŸ˜ğŸ˜,0
Obeta budusaranai aiye parissamin,0
"Good job Ranjan.MiNuwangoda,diulapitiya,paththe aya bohoma amaruwen Inne,ane e ayata kanna tikak denna.",0
Ranja..hamadamath  duppathun  samagai.. jayama  wewaa...upan  bimata  naya nathi  deshapaalakaya.,0
Oba 225 atmanussayek anituun hoda wada karanawata kamatina duppatagi hitawata budu saranai,0
hodama hoda wedak .oya hoda kenek.,0
Ranjan ayya oyanam supiri manussayek,0
minisunta weelak hari kusa purawaa gannata janathawa wenuwen kapaweemak karana oba thumanta theruwan saranai.. heethuwata palayak athi bawen oba karannaa uu yahapath siyalu dee oba thumanta heethu waawe.. wadak karana aththa kiyana kalaa laruwaanani obata uthtamacharaya,0
Kalin paraka Salli bedaddi minissu pora Kala maruna wage me para hal bedaddi th ehema karaganna EPA .  Lanu dala polim hadala ena ayata beddanna . Parissamen. Budu saranai,0
Sir api minuwangoda..me de kynne mata nme mn gdk danna thathala nthi amma nthuwa eda wela hoyn kala jvth wena paul gdk thynwa....pin sidda wenwa sir puluwsnnm a daruwanta help krnna.......daham guruwariyak vdhta api dnnwa sir asarana daruwo 2_3 inna paul....plzz help krnna...jesu pihitae....,0
"Niyamai ranjan aiye... aiye kiuwe sahodara kamata.. maath gampaha asgiriye... parissamin aiye, oyata oya vitharai",0
Karana wade hodi namuth dawalta beduwanm hodai neda api karana hamadema matu sansareta ona wi,0
Chandeta kalinnam kattiya badu beduwe tharageta ane mehema ratak moda minissu godak,0
Godak honda wedak.. Budu saranai..,0
Supiri wadak ranjan,0
Kari basil uhge duwata denna athi salli  5000  k dunne nh hora basil wesika putha okata nam cancer ekak hadila marenna oneh,1
Budusaranai ranjan aye,0
"Rajaya. Supr  market.  Teka. Vetarak. Arenawa.   Menissunta.  Salli. Ne. Badu. Ganna ,,",0
God bless u ranjan aiyaaaaa....katawath hithune naaa.oyata thama minissunge badaginna danunee.jaya wewa.,0
Ranjan aiye mask eka galawanna EPA  oya aurudu 6 kata aye hirata dai ğŸ˜²,0
Mewage puthek ratata bihikarapu ammatada niwan sapa pthami,0
Ranjan oyata wage hoda hadawath hamotama thiyanawanam ape Lankawa lokenma diwunu wechcha ratak. mokada 100/ 80 kma horu ha thamange suka wihasanaya gana hithana jathiyak. thawa kenekge badaginna danena obata siyalu devi pihita.,0
Gampaha un ai mona kalath ai oyawa gedara yawanne naththe onna oya nisai keep it up aiye ..good luck ğŸ‘ŠğŸ‘Š,0
Wedi wediyen lebenna ona ranjan ayya bs,0
mehetath ennako ranjan sir.api dewalapola.godak asaranai me welawe.obathumata godak pin.,0
Anlike karapu un 69 laksaye harak vanna athi lajjai ğŸƒğŸƒğŸƒğŸƒğŸƒ,0
Monawa kalath honda eka,0
maru,0
Aththa anduwen kisima sahanayak na,0
Godaaak pin aithi wenwa.. Jayawewa.. Oba thumata,0
"Good job ranjan, all the best",0
Kawru  mona  de kiuwatt  225 n  dukadann  duppattkama  dann  supirim   janatha  hithawadiya   mam  karunawen  rajayata  kiyanwa  medewall  karann denn   api  ranjanta  karande  supiriyatama  karana  kolla,0
Minisunta udau karanna inne oyaa wage tika denai ranjan mahaththayoo e unata minisunta kochchara karath minissu harima kuhakai mahaththayoo parissamin budu saranai,0
"Me wage dewal walatath unlike karana aya innawane ğŸ˜’ğŸ˜’ğŸ˜’ ,  api hemoma edaa wagema adath adarei oyta, hemadaama sathutin inna . Kiyanna thiyena dewal kelinma kiyana ayata prashna enawane kohomath ğŸ˜Š,  all the best sir ğŸ’–",0
Wanshot wan wada karuuğŸ˜€ğŸ˜€,0
Mantriwarayek kiyanne janata sewakayek obatuma eka hariyatama karanawa teruwan saranai,0
Ayamat oba tumawa hira karay ğŸ˜‚ğŸ˜‚ğŸ˜‚ğŸ˜‚ğŸ˜‚,0
Ranjan kiyanne pattama charithayak.Hemoma ayyiyage weradi witarak nodeka hoda deeth agaya kala yutumai.political walin mada gahai ranjan ayyiya noseli idiriyatama yamu.jayaweweewa sahurdayanani.RESTPECT RANJAN RAMANAYAKA AYYIYA.ğŸ’–ğŸ™,0
Sirawatama supiri charithayak â¤ï¸,0
Wedi wediyen lebewa oba thumata duppathage badaginna denuni obata pamanai,0
niyamai,0
niyama wedak,0
Kalaknni anduwa.obatumata witarayi missunge badaginna danenne.ğŸ™ğŸ™,0
Wow ser digatama karanna yanna minissu kanna nathuwa duk vidinawa me corona ekka eda wela kanna hamba kara ganna manussayata nagareta yanna ba,0
honda wede ohoma yan......,0
Man kemathima naluwek podi dawas wala edalama asai hitha hoda minisekrishana nafik bera ganna godaak uwamanawen hitiya aka manussayek suba pathanawa ranjana ramanayaka obata suba anagathayak bs jp,0
baiyontanam denna aepa baiyo nesa thamai ratata kelaune baiyonta nam denna aepa aeka haal atayak,0
Hitha  hoda  awanka  janahitha  wadhiya........oba thumata  kawadawath  waradin ne......jaya wewa......!,0
oya hamadama minussunta udaw kale,0
budu saranai,0
RANJAN GODAAK PIN  BUDUSARANAI PRASHANA WALIN MIDILA AHINSAKA JANATHAWA WENUWEN SEWAYA KARANNA SHAKTHIYA LEBEWAAAA,0
Duppathage hithawathaâ¤â¤â¤â¤â¤â¤â¤â¤,0
Ranjan aiyye oyata waradinne.....hamadama janathawage duppathage duka hadunana ...hadawathak obata waradinne....siyaluma deviyange rakawaranaya labewai jp budusaranai api adareiğŸ‘ğŸ‘ğŸ‘ğŸ‘â¤â¤â¤â¤â¤â¤â¤,0
Onnata wada minisunta salakana gihin thewaraperuma ta wecha dema wei kellehi guna na ne minisunta ekkai âš¡ï¸â¤ï¸,0
Ranjan aiye supiriiii adareiiiiiiiii bokkenmaâ¤ï¸â¤ï¸â¤ï¸â¤ï¸â¤ï¸,0
Kollek thami ithin 1nma adrei,0
Obathumata godaak pin athwena wadak meka.... jayawewa......,0
Jayawewa,0
Parissamin ayye.me anduwa balagena enna hoda minissunwa bili ba ganna.,0
Sir adaraiii oyata,0
Superb  ayya,0
Jaya wewa ayyeâ¤ï¸,0
"Ranjan ayya mata oyage personal number eka denna,mata oyawa meet wenna ona,gd luck,budusaranai,0774630717,chandana gampaha",0
Budu saranai...,0
Sebe avanka handavath. Obata neeroghi suva prarthana karami.,0
Godak hoda wadak ranjan ayya.ape hamogema manapaya oyata thama.â¤ï¸â¤ï¸ğŸ’™,0
ranjaa jayawewaa,0
Ayooo ranjan ayya deshapalanaya gena kata epa.ğŸ˜¡ğŸ˜¡.oya karana deya karannağŸ‘ğŸ‘ğŸ‘ğŸ‘great..,0
Karapudhe hodai namuth Video karla dana eka poddak avul wage,0
Budu saranai,0
udara ranawiruwoi oba wani amathi warui nathnam me rata amu sohonak wela hamarai. danatamath oba hara anith kupadi deshapaluwo ekekwath dan hoya gannawath baha. mamanam aye kawadawath oba thumata hara anith kisima ekekta chandaya denne naha kawadawathma. oya gotabaya para balla th ekai uge hathmuthu paramparawath ekai.aththatama un nisa thamai korona me ratata aweth .pitarata hitapu ballanwa lankawata genalla.,1
Budusaranai oyata ranjan boss â˜ï¸ğŸ™,0
udau karanawa banum ahanawa eka eka um eka eka katha kiyanawa  katha hadanawa thamun karana hoda naraka ranja gawa thiyei kauru monawa kiuwath mona kathawa haduwath matanam ftta supiri chrithayak ranjan aiya kiyanne mn respat karanawa me supiri awamka hadawatat,0
"Godak Satutui...Minuwangoda, Diwulapitiya, Ja Ela and Gampaha minissu Amataka karanna epa",0
Magi kawadath manapaya obata,0
Hama athmekama ranjan ta pin labenawa minuwan godath ennnawa asarana pawul,0
Kanda  dipu  aunta  mula  mathakana  ath  obage  wadapiliwala  godak  hodai  waradina  budu  saranai  mahathtayo,0
bayyanta denna epa ranjan sir,0
niyamai ğŸ‘ğŸ‘ğŸ‘,0
ranjan ayya page eke dala tawa udaw aran dennam kattiyagen .. ithama hoda wadak <3 <3,0
Supiri weeraya.,0
Ela niyamai ranjan,0
Aye oyawa hire danna den na rattharan pana denawa saththaiğŸ’ªğŸ‘ŒğŸ‘,0
"wade supiri sir,eth  adirinithiye inna api kohomada enne hal ganna..oya tika ewanna barida adirinithiya pathi walata .atthatama hira wela inna ayata enna widihak nane.sirta puluwannam owa me pathi walata ewannako.",0
Hire yawanne naa..chande ewarai,0
Qatar wala apei w.f.c.qtar company Visa masa8k.ewarai apeita udawu karanneko,0
Badaginne minisun innawa..budusaranai,0
Ubanam deviyek ranjan aiye,0
Kalin 5000 dunne.chande ganna.chande aran dinuwata passe.minissungen wadak na.pohottuwe kattiyata,0
Horunta owa balainna  amarui ranjan aiye,0
Niyamai ranja,0
jayaweewaaaa. pakshaye hamomo ekathukaragannn,0
"Obathuma laga thiyena manussakama wena eun laga ne,Api ekai kawadath obathumanta hadawathinma adare. Jayaweewa parissamata sirâ¤ğŸ˜˜",0
"Pawdgalika jeewite mona nadagam netuwat,melorahak neti weda karala chater keewat,aasama neti deshapalana pakshaye idiyat,...minissunta adare karana supirima hadawatak tiyana bokka hoda buwaa oya...",0
okoma janathawa oyat painnnn godak .,0
ranjata api hamadamath adaraii,0
Oya awanka deshappremiyek,0
Janathawata sewaya karanna ranjan ayyata dairiya sakthiya lebewa jesu pihitai!,0
Hira yannada hadanne gedarata wala inndo,0
Adarei hamadamath..obata,0
Viyathmage gampaha ekek neh .gampaha minissu parlimenthu    yawapu ekek neh.eth thamanta puluwan vidihata thaman parlimenthu yawapu minissu minissuge dukedi pihita une ranja  video tharai.,0
Duppathage hithawatha..... One shot,0
Anduwe eunta apath na,0
Weldon aiya,0
Ele Hoda wedakğŸ’ªğŸ»ğŸ‘ğŸ‘ anik okkma wasiyata withrai ath oya ğŸ‘â¤ï¸,0
Harima hodai  ğŸ’“ğŸ’“ğŸ’“ğŸ’“,0
"Api obata sada naya gathi sir. Jaya wewa. Ara 69 lakshe  ta pin sidda wenna apita dan ahanna wela thiyenne "" DAN SAPA DA "" kiyala. Rata ta hamadama wada kare obathumala wage aya. Dan balayata path wela thiyenne card board amathila.. supir wadak sir..",0
Oyata jaya aiya bokka manussayek oya,0
"Niyamai Ranjan Ayya.....
à¶´à·œà·„à·œà¶§à·Šà¶§à·” Malli...ğŸ’š",0
Gamma aiye.gamma.as deken dakka supiri manussayek.,0
Nihatha mani manthri thuma. Obata sakthiya dairya.noaduwa labewa. Hamadamath adrei bad.p.t.c.,0
Kauru monawa kiuwath ranja patta charithyak... ğŸ‘,0
Me parath naduwak wetida danne na parisamata bedanna niyamai ranja ranja kawadath supiri charithyak duppathata atha denna thawa deviyange pihita labewa ğŸ™,0
â¤â¤â¤â¤â¤kauru mona kiwath api dannawa obathuma hari karanawa kiyala,0
Oyata dava asrvadaya ranjan puta anti mary Qatar ğŸ™ğŸ™ğŸ™ğŸ™‹â™¥ï¸,0
dan kattiya mekata monawa kiyana inawada dane na.. Respect sir!!!,0
How can they come out if it's curfew. Pana Pitin minissu maranawa. Kisima salasmak nathuwa curfew danawa .minisunwa hirakaranawa.  You are so responsible for your loyal people.,0
AaeyÃ¨e ubata jaya wewa,0
Meka lankawe nidan inna lokanta penna trending yawapallağŸ™ğŸ™ğŸ™ğŸ™ğŸ™ğŸ™,0
"Unlike karapu kattiya, wimal ge set 1k wenna ati. Obata jaya RR mahatmaya.",0
Amathithuma b.s.hoda wadak me awasthawe.a asarana minissunta pihita una eka niyamay.,0
Jayawewa,0
unlike karala thiyenne gon kuhaka haththa,1
Ranjan aiye apitath sahal tikak ganna puluwandağŸ˜ŠğŸ˜ŠğŸ˜ŠğŸ˜Š,0
elakiri ranjan aiya,0
diyawannawe inne oba thuma witharada,0
man oyage hondama rsikayek man denagena hitiya oba thuma wedeta bahinawa kiyala,0
ape akkala minuwangoda gamant eka gawa eyala godak asarana wela kadekatawath yanna be,0
Obathumata pin kusal reswewa!,0
Patta,0
Obathumata godak pin.bodim wela inne api.apitath udau karanna,0
ane api genath balanna,0
Obathumata man wisthara ewwa.puluwan nam udau karanna,0
"S/S Mr, Ranjan ramanayake,wade niyamai ,",0
Oba thumata budu saranai daviyange pihetai,0
Kawadath supiri charithayak thama,0
Obata  jaya  gampaha  aya  oya wa wiswala  kala   oya  dewlapiteyen  aiyin  unata  passe  api  godak  dukuna  dewlapiteye  oyata  adaraya  karana  katteyak   innawa  eyala  ganat  balanna  anika  rata  inna  api  ganat  hetanna  mama  hemadama  kewwe  atta  kata  karannae  balagena jesu  pihitai  mama  dubai sita  gama  dewllapiteya,0
Hita honda unta waradinnemane,0
Ayet hira yanna bala gana enna,0
Honda deyak karala mqlath sepaye,0
Api oba samagai,0
Taruwan saranai oba tumata,0
Ranjan à¶šà¶»à·œà¶­à·Š  hamadam hoda wadakâ¤â¤â¤â¤â¤â¤â¤,0
Api hithuwe udaw karana eka nawaththala kiyala,0
Ranjan aiyaaa. oya  supiri charithayak  ekenma  supiri,0
Mmmm à¶¸à·“à¶»à·’à¶œà¶¸ ayatath denna,0
Ranja oya hituwata wada hoda kenek oya wage kattiya sri lankawe president la una nam ape artikaya mita wada shaktimathğŸ˜˜ğŸ˜˜ğŸ˜˜ğŸ˜˜,0
Ranjan uba neyama baduvak.ahensaka janatavata  oya karan den uba davasaka buduvenda ona.me kalakani desa paluvo.makadevela yanda ona,0
Jayawawa obata......tharuwan saranai.........,0
Api itin mg dammata dakina ekak neee..balana ekakut ne..,0
Ane aiye api minuwangoda apitat aran annako... apita eliyatawt bahinna beee,0
Niyamai sir,0
Aiya ape pattatat endako api inne dewalapola eda wela hamba karan kana apita sahanayak na anduwen... eliyatawat yanna ne..me pattatath enda aiya me welawa hatiyata loku pinak,0
Ape pettata anne nedda api weliweriye,0
Apee weerayaaa,0
Superb ranjan bro. Ex a land,0
Niyama virayek,0
Niyamai,0
Good morning.sudu mahaththaya..,0
Eaththama song ekak. Ediriyatama yamu RANJA....,0
Lassanai,0
Ela song ranjan  amathi tuma bs,0
RANJANGE   NAYAKAYA   RANIL WA   ELOLA..  HEHE.....RANJAN AYYA SINDU  KIYA KIYA INNAWA  HEHE,0
Supiri wedak mehema hari me thirisanunge es erenna,0
hingana manasikathwayen  inna danapathi panthiye warjanaya natharakala yuthumai,0
lassanai,0
niyamai,0
Mage jeewithe dakke na mhema oneshot kenek,0
ranjan aiye mata oyata paudgalikwa deyak kiyanna thiyenawa puluwannam mata oyata katha karanna puluwan karmayak oba thuma visin mata kiyanawada,0
11.40 ta kiwwa kathawa ğŸ˜³ğŸ˜  hena ghnawa oma wada karna unata,0
Ela ranja api Oba wardi ho hari jana thawa hama dama oba samagi,0
Corona biyar aka lankaweth thiyenada,0
Kudu karayo merayo  hira gedara raja karanne ekane.,0
OBATUMAATA  KAWADAAWATH  WARADIN  NEHE  OYA  YANA  VIDIHATAMA  YAMU  API  OBA  SAMAGA,0
Gonja angoda geniyannawei wage danğŸ˜ğŸ˜,0
Oba parliament eke sitiya uthumai,0
Obata yahapathakma weva Ranjan,0
Obata jaya wewa !,0
Dn oba gawa tiyana anith record tika ko danawa kiwa awa dapn ethin apitatah ahanda,0
"obata jaya wewa,,sathya siyalla jaya gannawa,,",0
Ane oyage baila,0
Obata jaya Ranjan,0
Jaya weva,0
uba ela kollek machang!,0
Godak sathutui oba thuma  eliyata awa eka. Jaya wewaa...,0
Ahamanam rata inna hamomagama kata tap karala Video karala ganiyau atadanguwata,0
Ma rata oya waga kidanak kata karanawa adda,0
Api ranjan samagai  ranjan mini maranda hora kanda kudu ganda kumantranaya karala naha,0
lankawe inne wala nobalana ..rahasinwath agama gana waradi nokiyana ...hinenwath kellek gana nohithana ..podi hamuduruwantath gal kapana ...maha horu rakina ..ita wiruddawa katha kala unwa hire damana ..police ye idan usawiya wenakan paga gasana ..ellum gas giya minimaru kudu mudalalilawa eliyata danna kiyala udgoshana karana minissu inna rataka ..oba thuma hire yawana eka pudumayak nei,1
Ranjan api oba samagei...ğŸ¤“ğŸ¤“ğŸ¤“,0
Ai me ranjan with arak winisuru warun waradi nedda ohunwath athadadanguwata gatha yuthi neda mata therena vidiyata eka pathak vitharai,0
aparadahansayata paasku irida penune nadda,0
Garu adikaranaya atatagat moodaya uba pissek angoda damu meekava,0
mutanewei henam ganu thiyagena inna giwaradarinta kalin dadowan denna,0
DENKI DENEK  OYA VIDIHATA ATADNGUWATA GATTADA ğŸ¤£ğŸ¤£HETA WENAKOTA GONJAğŸ•ğŸ•ğŸ•ğŸ•ğŸ„ğŸ„ğŸ„ğŸ„ ELIYATA DANAWA  APE LANKAWE NITIYA .....,0
Budunta.agahurawa.karata.daduwam.labunah,0
Oak thawath enne rajaye depalawala edala denna oni eliyata aparadha kaaraya,0
Okage katata henagahapa,1
Adikaranayata kalin methumawa  angodata  gihin  danna.ğŸ˜ğŸ˜ğŸ¤©,0
"Meyata Apa denna epa,",0
Hoda wada para ballata ganekawo tekat ganna one attadanhuwata balliyot rata kawa,1
Ranjan maragana marena bombayak wageeğŸ˜‚ğŸ˜‚ğŸ˜‚ğŸ˜‚,0
Me ballata sobadahama visin daduham karanawa kiyanne mewata...thamaiii,0
Kohomada sinhalayani api ekathu une naththam ape ratata mokada wenne kiyala dan hodata pahadili neda .api idiriyatath ekata imu..,0
Dan.sathutida.dan.sapadaaaa,0
"Corona nisa minissu duk widinawa,megollanta loku 20..",0
ANA.APA.HAMUDURWA.OBAWAWANSALA.NISA.G.B.PATKALA,0
Adimathadari ohuta Ehunoth sekayakin thora piliargena paligani sadu sadu menna bole retarn enoo ?,0
Ranil kiyanne baleek,1
Unp eke ponna sinhala heththa... mujibar gena kiyaddi ke gahanawa... sabawa kal damma... pake anduwa..,1
Ane me kalakanninta bombayak gahapallako ahinsakayo maranne nsthuwa.,0
unp jvp ponna keriyo,1
mewata chadrika uththa depan,0
yako thopinne magulatada,0
unp pisso horu kalakani saththu,1
Parliment kiyanne tope gedara newei.mathaka tiyaganiu!,0
ranil ubba hoda  wipaksha nayaka api denawa a padawiya,0
mea gemata aniwarayenma raviya sambandai,0
anne amme thaththe nangiye malliye daruwane unp jvp chadrika sobithala awassya nheeeeaaaaaa,0
Ane pau nodi asarana minissunva maragena kanne nethuva denvath palayau.pin sidda vei thopita.,0
ponna ranilayo uddaya ivara kale mahinda,1
Ane mahinda maththayo oba thumai apata ona,0
Unp ponnayo tawath hambainta pukadenawa .ponna ranil thoge ammata hukapan keri ponnayo .thopi wagakiyapiyau me jeevita walata .,1
Unp ponnayo thopi hadigavilama palayan ballo,1
U.N.P.gon haththata dan sathutuda.,1
Nodakin kata karannawat danne ne ponna ranila,1
Karunakarala aedirinithiya peya 24 sathiyakwath dala ahinsaka janathawage jivitha beranna,0
Mathi Amathi Warunee Maruna Ahinsaka Minisunge Waga keema Kawda Ganne Paw Ranil Uthumaanan Koty Thrastawaadaya Nimakalalu Huu Huu Huu Huu  pih pih pih Pahk Pahk Pahk,0
Pala ponna ranel,1
ranil a pita paw nodi mariyan,1
Virawansayo uba kauda kiyalah apita amataka na ballo topi dan ballo wage udubiruwata ahinsaka minissu kiyak tpoi maruwada j v p balla towah  hadigawenna ona dan balla wage uduburanawa topitahe hena ganahawa sakkiliyo,1
Apo,0
Jaya vewa,0
Oya serama hambayo maranna oonea urro ( pig) damala,1
Mea 225 bombayak tiyeannea pinwatek neaheanea,0
Me hutta monawsda me kiyanne .ponna ranila,1
Vili lajjai me parlimant ek inna manthreelage hasirim gana thrun daruvane obla biddimathva hithanna pt paksha atharal ugath buddimath hdiyvk athi ayavalunta obge vtina chandaya denna nathinam 5 vasarakadi mulu rtm ivara wenava harenna ho haravanna vidiyk na mage ratta theruvan saranai,0
Aniwa mujibur rahuman asath sali vi paththu paluwa ella marapiyaw,1
Idakin me parlimentuwe inne harak mokekhari hari ho waradi kata karaddi katawal wahagana inna danne na munta metaram jivita nati welah munta ganak na tirisanun hodai topi ballanta wadiya nodaki hatta,1
OBA APA MA LOKA KISEMA RATAKA DAKALA TEYADA MA WAGA PONNA RANIL AGAMATE KANAK,0
"Ranilata katha karanna baha.uuta sinhala baha.thatamanawa.gihin reela wara.kari ponnaya.buddhi ansa hire daala,tho thamai mema vinasaya kale.",1
Kala kanni heththa mun sepa gannawa higana keri ballo thopita hena gahapiya,1
"MUN  EKEKWATH PALLI NOGIYE KALINMA DANAGENA HITAPU NISA....NATHNAM  RANILGE SIRISENAGE MAHINDAGE RALE NARIYO CHANDA EKATHU KARANNA KOTHANATADA NOYANNE...PANSAL,PALLI KOWIL HAMA EKAKATAMA YANA MEUN KOHOMADA OYA DAWASA MAGA ARALA HITIYE....HARIN, MANOOGANESAN, WASUDEWA KIYANAWA UN DANAGENA HITIYE KIYA....DANWATH ....JANATHAWA ME DESAPALUWO GANA THERUM GANIWIDA ?",0
Yako topi balatanhawe maranogana..rata gana hetapiyui para ballo rala topit ballo ketannwat watinne naha..ballo topita wada  dayak  lankwe karanawa,1
"mahinda mahaththaya katha karanne duken,kaha karanneth amarui dukata.",0
MUNTA CHANDE DUNNA BATH GILINA HARAKUNTA KURATIYA KOOTU WALIN THALANNA ONE....,0
Mahindata pana madi wage..aiyo..,0
yakko rilla rannil ponnayo nimal werawanssala kiyanne shatika atta mee jannatwa marrila duken asarRana wella innawellawaka mun parali menttu inha  weve magul nattanawa munwa ghla panbana jannatawa idiriyata ennai dan onne,1
Rahuman Aran warella parata gal gahala maranna,1
Unp ekata chance deepu ayata a page hadapiri mewwa aka.wachane hithaganna.,0
Wal sakkili ge baada meda Rahapaksa methithuma kala kathawa vishishtai. Niyama janapathi kenek.,1
Ai Jona (vigra) church gihin nethida?,0
Sahodarayani gota nawoth api iwarai mun rata iwarama kala,0
anduwe ewunta nam lankawe minisu gana hagimak nathi Bava agamathige katawen penawa..ane topi ainwela palayalla,0
Wal sakkili naki Ranilo... tho monawada oya kiyaeanna. Owa ape rata ta adala ne. Tho inne engalanthe da? Tho him a wevi jokes dala katha karanne. Thota sathutuda?,1
Badurideen ganin,0
Ane Ranil nakiyo umbata sathutu athi. Umba  Batalanda rajane. Umba adath mini le bala bala sathutu una. Umba ada katha karanne Hi the sathutu. Mu baila kiyanne.  Monawada me wal booruwa kiyawanne?  GooNP wal sakkilinta hari sathutui.,1
UNP para  ballo  mage  rata  keewa...  thopita  henagahapiyaw!!!!,1
Ane ponna  lopiya puka,1
Ponna ranilo badurideen okata sambandai,1
Uba monawada ban me kiyanne ranil uba ganja gahalada yako,0
Unp ayeth bolata ayeth idak ne den karaganna deyak karaganilla,0
MULU LANKAWA MA WAREN PALIMENTHU ATHULATA MUN SERAMA ADALA GANIN ELIYATA,0
SAKKILI BALLO,1
PAKE WIMALAYA,1
Ammata hukapiya  kari ponnaya  hama sarema ratata kelawala soke pala à¶šà¶»à¶±à·€à·,1
Me wage vikata ponna agamathi janadipathi kathanayaka enna rataka me wage vinasa wena aka ahanna deyakda,1
Maha à¶¶à·à¶‚à¶šà·”à·€à¶§  mokada une ....vill pathuwata à¶¸à·œà¶šà¶¯  une...,0
Topi 225 danata ada hadavatana jantavaga sapaya vadava..Sapa vava,0
Me uththala ballo wage  ğŸ˜ ğŸ˜ ğŸ˜ ğŸ˜ ,1
Ma sakkili danuth kagahanava kaudayako arakagahana sakkili rsttata mavavipatakvala munta bomba gahanna kanaknadda,1
Mun tikata bombayak danna kauruth nane deiyane . Mulu ratama vinasa karala dan  dodawanawa,0
"Sakkili ballo katha Kara Kara Muslim unwa eliyata danawa hina wewi kalakanni,minissu marila ballo thopi gu kapalla ohoma hina wenne..thopi marun nahane,sapa wewa ubalata",1
Oya kathanayaka ballawai ranilai gon maeththiri pabayai unta oya bomma gehuwanam rata ta hodawenawa ahinsaka minissu maranawata okun merila giyanam ratata hodak wenawa,1
Pissu munta,0
Lanka wa higakana ta nata adadala  indiyawa  pohosath karapiyau.,0
Hamudurwanya.obalata.monwatada.politikal.paduwya.pansalata.walya.paduwya.enna.oaya.surata.garu.karanna.sadu.sadu,0
Kamal mahathayo owa ahanna oni Rajapaksalagan   oba karunata uthara nodanna ai  lajanathida   lakam una  karyalata  janapathi wanna onina    unipom akata garukaranawa namm  karunata  nihada ai oba ... Ko  oba virukama ..,0
"Wasiyata pohottuwata Kade Yana kudu nalikawai hora deranai warjanaya karamu, mehema welawaka yamkisi sadaranaya athiwa news genna sirasata janatha upaharaya, sirasa no. 1",0
"Rajapaksha athulu hora nadaya meratun thurn karamu jup sajith elawamu rata hadanna puluwan jathika jana balawegayata witharamai, npp ekatajayawe!!!",0
"Chandima 3n2 Hina dakinna epa, thopilage 3nama nathi karanawa",0
POHOTTUWA....APE.SAKTHIYAI.MULU......RATAM.POHOTTUWA.PIBIDEI,0
Mokakda yako me rata hema ekama pita ratawalata denawa Me Lankawe dakshayo nedda?,0
Maravila L.R.C. eke. Visthara. Vitharak mata. Evans. Puluwanda......?,0
POHOTTUWATA.JAYAWEWA...PUTHANAGE.JANABALAYATA...ANTHA.PARAJAI...HUKANO.....,1
Para Suddata PUKA dena Lankawe KALU suddo,1
Mala hora puluwannam arrestet karapan,0
Hamuduruwane dan saneepada? Gotabayagen thamai godakma parissam wenna ona. Oba wahansela marila ipadilada kiyala hithenawa. Oya miniha karapu mini marum maha parimana horakam danne nadda. Aththatama oba wahansela gana apita thiyenne kalakirimak.,0
Santha Bandara pol booruwa ow apita eersiyawa umbala apiwa loketama Naya keruwata,0
Santha Bandara sakkilima desapalakaya mu harena harena paththata mu mahindatah banna mugea manthrie kamath gaththa kiyala,0
Santha Bandara para nemea kapanna wennea bella thamae,0
Anthawadaya pitu dakimu...,0
Horu okkoma parlimanthuwe,0
Ai janapathi thumani.hira karala enna ranaweruwo.nidahas karapiya.rata ewarayi.mun okkoma kalakanni.,0
Ashrof  thamai  muladee  lankawe  anthawadayata  support  kale.  Miniha  marunata  pasu  Hakeem athulu  anith muslim  manthreen  patan  gaththa.,0
ane mama mokuth dhanne !!!!!!!!!!!,0
badula mahatthayo eyage kathawen therenawa pahadiliwama meyalatath ona youddayak me karapu aparade meyala dakinne hari sadaranawa okkoma ekai apita therena widiyata,0
Muslim obala mulu lokayatama barak,0
Bageta iscole giyama getaluwa udu duwanawa,0
Bandula mhaththoyo hena ghala iwarai kiyalada kiyanne thama ne,0
